id,intent,variations__0,variations__1,variations__2,variations__3,variations__4,variations__5,variations__6,variations__7,variations__8,variations__9,variations__10,variations__11,variations__12,variations__13,variations__14,variations__15,variations__16,variations__17,variations__18,variations__19,variations__20,variations__21,variations__22,variations__23,variations__24,variations__25,variations__26
995,Can I open AllinCall bank online?,Is there a procedure to open AllinCall bank online,How to open AllinCall bank online,Can I open AllinCall bank online?,,,,,,,,,,,,,,,,,,,,,,,,
996,What are the features of AllinCall bank account?,Explain the features of AllinCall bank account,Tellme about the features of AllinCall bank account,GIve information on the AllinCall bank account fetaures,Share details on on the AllinCall bank account features,What are the features of AllinCall bank account?,,,,,,,,,,,,,,,,,,,,,,
997,What are the features of AllinCall bank Video Kyc account?,What are the features of AllinCall bank Video Kyc account?,features of AllinCall bank Video KYC account,tell me features of AllinCall bank Video KYC account,explain all features of AllinCall bank Video KYC account,i am confused about the features of AllinCall bank video kyc account?,explain the features of AllinCall bank video kyc account?,details on the features of AllinCall bank video kyc account?,information about the features of AllinCall bank video kyc account?,i do not know about the features of AllinCall bank video kyc account?,tell me about the features of AllinCall bank video kyc account?,i do not understand what are the features of AllinCall bank video kyc account?,explain what are the features of AllinCall bank video kyc account?,details about the features of AllinCall bank video kyc account?,what do you mean by the features of AllinCall bank video kyc account?,what are the things i need to know about the features of AllinCall bank video kyc account?,i want to know about the features of AllinCall bank video kyc account?,can you explain the features of AllinCall bank video kyc account?,give me information on the features of AllinCall bank video kyc account?,information on the features of AllinCall bank video kyc account?,,,,,,,,
998,Can I open a joint AllinCall bank account?,Am i allowed to open a joint AllinCall bank account,Does AllinCall bank allows the user to open a joint account?,Can I open a joint AllinCall bank account?,Is it possible to open joint account,,,,,,,,,,,,,,,,,,,,,,,
999,I don?t have a PAN card,I don?t have a PAN,how to open an account if i dont have PAN,I dont have PAN card,I don?t have a PAN card,help me open account without PAN card,what to do if I don?t have a PAN card,Apply for New PAN card,,,,,,,,,,,,,,,,,,,,
1000,I don?t have an Aadhaar card. How do I open an account?,I don?t have an Aadhaar to open an account,I don?t have an Aadhaar card. How do I open an account?,I don't have Aadhar card can i open an account ,Help me open an account I dont have account,,,,,,,,,,,,,,,,,,,,,,,
1001,Fees and charges for AllinCall bank account,What are the Fees and charges for AllinCall bank account?,Explain the Fees and charges for AllinCall bank account,Tell me about the Fees and charges for AllinCall bank account,Give details on the Fees and charges for AllinCall bank account,Share information on Fees and charges for AllinCall bank account,Fees and charges for AllinCall bank account,What are my account charges,,,,,,,,,,,,,,,,,,,,
1003,What is the interest rate of AllinCall bank?,Explain the interest rate of AllinCall bank,Specify the interest rate of AllinCall bank,Give details on the interest rate of AllinCall bank,Share information on the interest rate of AllinCall bank,Tell me aboout the interest rate of AllinCall bank,What is the interest rate of AllinCall bank?,What is savings account interest rate,,,,,,,,,,,,,,,,,,,,
1004,What is AllinCall Lite,Explain AllinCall Lite,Elaborate AllinCall Lite,Give details on AllinCall Lite,Share information of AllinCall Lite,Tell me about AllinCall Lite,What is AllinCall Lite,,,,,,,,,,,,,,,,,,,,,
1005,What is AllinCall Limited,Explain AllinCall Limited,Elaborate AllinCall Limited,Give details on AllinCall Limited,Share information of AllinCall Limited,Tell me about AllinCall Limited,What is AllinCall Limited,,,,,,,,,,,,,,,,,,,,,
1006,What is AllinCall Edge,Explain AllinCall Edge,Elaborate AllinCall Edge,Give details on AllinCall Edge,Share information of AllinCall Edge,Tell me about AllinCall Edge,What is AllinCall Edge,,,,,,,,,,,,,,,,,,,,,
1007,What is AllinCall FKYC account,What is AllinCall FKYC account?,define AllinCall FKYC account,information on AllinCall bank fkyc account?,give me information on AllinCall bank fkyc account?,details on AllinCall bank fkyc account?,details about AllinCall bank fkyc account?,What is AllinCall FKYC account,What is AllinCall FKYC account,,,,,,,,,,,,,,,,,,,
1008,Do I need Aadhaar ?,Will i require aadhar?,is aadhar necessary?,is aadhar required?,Do I need Aadhaar ?,,,,,,,,,,,,,,,,,,,,,,,
1009,How to open AllinCall?,what are the steps to open AllinCall?,explain how to poen AllinCall,What is the procedure to open AllinCall?,Give details on how to open AllinCall.,Share information to open AllinCall,How to open AllinCall?,How to open saving,How to open AllinCall or saving?,How to open AllinCall or saving account?,What is the account opening process,,,,,,,,,,,,,,,,,
1013,Do I need physical PAN card for Video KYC?,is physical PAN card required for Video KYC?,Is it necessary for a physical PAN to perform video KYC?,What if I dont have a physical PAN card for video KYC?,Do I need physical PAN card for Video KYC?,,,,,,,,,,,,,,,,,,,,,,,
1014,Which browser is needed for Video KYC?,Specify the browser needed for video KYC,Tell me about the browser needed for video KYC,GIve details on the browser needed for video KYC,Share information on the browser needed for video KYC,Which browser is needed for Video KYC?,,,,,,,,,,,,,,,,,,,,,,
1015,Do I have to be in India for Video KYC?,Can i perform the video KYC process from oversees?,Can i perform the video KYC process from outside India?,Do I have to be in India for Video KYC?,,,,,,,,,,,,,,,,,,,,,,,,
1016,What is virtual debit card?,Explain virtual debit card,Describe a virtual credit card,Give details on virtual credit card,Tell me about virtual credit card,What is virtual debit card?,,,,,,,,,,,,,,,,,,,,,,
1017,Where will I find my virtual debit card details?,Where will I find my virtual debit card details?,where is my virtual debit card details,how to find virtual debit card details,how to find my virtual debit card details,details about my virtual debit card,,,,,,,,,,,,,,,,,,,,,,
1018,What's the difference between virtual debit card card and physical debit card?,Explain the difference between virtual debit card card and physical debit card,Tell me the difference between virtual debit card card and physical debit card,How does a virtual credit card vary from a normal credit card?,What are the points of difference between a virtual debit card card and a physical debit card?,What's the difference between virtual debit card card and physical debit card?,,,,,,,,,,,,,,,,,,,,,,
1019,What is AllinCall bank Prepaid card?,Explain AllinCall bank Prepaid card,Give me details for AllinCall bank Prepaid card,Tell me about the AllinCall bank Prepaid card,Give me information on AllinCall bank Prepaid card,What is AllinCall bank Prepaid card?,,,,,,,,,,,,,,,,,,,,,,
1020,What type of debit card is AllinCall bank Debit Card?,Is AllinCall bank Debit Card a Visa Card?,What kind of card is the AllinCall bank Debit Card?,What type of debit card is AllinCall bank Debit Card?,,,,,,,,,,,,,,,,,,,,,,,,
1166,When will I get account details after video KYC?,How long will it take for me to get the account details after video KYC?,What is the duration of getting my details after performing video KYC?,When will I get account details after video KYC?,,,,,,,,,,,,,,,,,,,,,,,,
1021,Where can I see the CVV number of my AllinCall bank virtual debit card?,Where can I find the CVV number of my AllinCall bank virtual debit card?,What is the location of the CVV number of my AllinCall bank virtual debit card?,I want to know about the CVV number of my AllinCall bank virtual debit card,Where can I see the CVV number of my AllinCall bank virtual debit card? ,,,,,,,,,,,,,,,,,,,,,,,
1022,Where will I receive my physical debit card?,"How Will i receive my physical debit card, By post or in the bank?",Where do i collect my physical debit card?,Where will I receive my physical debit card?,,,,,,,,,,,,,,,,,,,,,,,,
1023,Is there any charge for getting physical debit card?,Do i have to pay to get my physical debit card?,what are the charges for a physical debit card?,Expoan the charges for a physical debit card in detail,Is there any charge for getting physical debit card?,Is there any charge for Debit Card,Is there any fee for debit card,Is there any charge for Physical getting debit card?,Is there any charge for getting debit card?,What are the charges for debit card,How much I need to pay for debit card,,,,,,,,,,,,,,,,,
1024,How do I need to pay for my physical debit card?,What is the medium to pay for my physical debit card?,How can I pay my physical debit card bills?,Explain the ways throught which i can pay for my physical debit card,How do I need to pay for my physical debit card?,,,,,,,,,,,,,,,,,,,,,,,
1026,Is the charge of a physical debit card a one-time payment or a recurring payment?,Can you let me know if the charge of a physical debit card a one-time payment or a recurring payment?,I would like to know if the charge of a physical debit card a one-time payment or a recurring payment?,Is the charge of a physical debit card a one-time payment or a recurring payment? ,,,,,,,,,,,,,,,,,,,,,,,,
1027,Is there any annual maintenance fee charged on a AllinCall bank virtual debit card?,What is annual maintenance fee charged on a AllinCall bank virtual debit card?,Share details on the annual maintenance fee charged on a AllinCall bank virtual debit card?,Is there any annual maintenance fee charged on a AllinCall bank virtual debit card?,,,,,,,,,,,,,,,,,,,,,,,,
1028,How can I apply for physical debit card?,Provide me with the details to apply for a physical debit card,Give information on how to apply for a physical debit card,What are the steps to apply for a physical debit card?,How can I apply for physical debit card?,PDC,get physical debit card,How can I apply for ATM Card,apply for physical debit card,,,,,,,,,,,,,,,,,,,
1029,Do I need to apply for virtual debit card?,how do i apply for a virtual debit card?,Where do i apply for a virtual debit card?,Do I need to apply  for virtual debit card?,,,,,,,,,,,,,,,,,,,,,,,,
1030,I haven't yet received a debit card with my AllinCall bank account? When will I receive a debit card?,I haven't yet received a debit card with my AllinCall bank account? When will i recieve/get it?,I haven't yet received a debit card with my AllinCall bank account? When will I receive a debit card?,I haven't yet received a ATM card with my AllinCall bank account? ,When will I receive a ATM card?,I haven't yet received a ATM card with my AllinCall bank account?,I haven't yet received a debit card with my AllinCall bank account? ,,,,,,,,,,,,,,,,,,,,,
1031,I opened my AllinCall bank but didn't receive any debit card?,"i didnt receive any debit card after opening a AllinCall bank account, what can i do?",What are the steps to receive a debit card after opening an account with AllinCall bank?,I opened my AllinCall bank but didn't receive any debit card?,didn't receive debit card,didn't receive card,I opened my AllinCall bank but didn't receive any ATM card?,,,,,,,,,,,,,,,,,,,,,
1033,Do I need to complete the full KYC to apply for a physical debit card?,is it mandatory to complete the full KYC to apply for a physical debit card?,Can i apply for a physical debit card without completing the full KYC process?,Do I need to complete the full KYC to apply for a physical debit card?,,,,,,,,,,,,,,,,,,,,,,,,
1034,I am not able to place a request for physical debit card. What should I do?,"I need to get a physical debit card as i am not able to place a request, what can i do?",I am not able to place a request for physical debit card. What should I do?,I am not able to place a request for physical debit card,unable to place a request for a physical debit card,I am not able to place a request for ATM card. What should I do?,,,,,,,,,,,,,,,,,,,,,,
1035,Do I need to visit bank branch to apply for physical debit card?,is it mandatory for me to visit bank branch to apply for physical debit card?,Why Do I need to visit bank branch to apply for physical debit card?,Do I need to visit bank branch to apply for physical debit card?,,,,,,,,,,,,,,,,,,,,,,,,
1036,How can I set the PIN of my debit card?,Where can i set the PIN for my debit card?,Provide me with the link to set the PIN for my debit card,"I need to set the PIN for my debit card, where can i do it?",How can I set the PIN of my debit card?,,,,,,,,,,,,,,,,,,,,,,,
1037,I forgot the PIN of my debit card. How can I reset the PIN of my debit card?,"As i forgot my debit card PIN, how can i reset it?",Kindly provide me with the link to reset my debit card PIN.,Where i can reset my debit card PIN?,How to reset my debit card PIN if i have forgotten it?,"I need to reset the PIN for my debit card, where can i do it?",I forgot the PIN of my debit card. How can I reset the PIN of my debit card?,i forgot the PIN of my ATM card ,How can I reset my ATM card PIN,I forgot the PIN of my debit card. ,How can I reset the PIN of my debit card?,,,,,,,,,,,,,,,,,
1038,I received my debit card. How do I know if it is active or not?,How do i check if my debit card is active or not?,How to check if my debit card which i just received is active or not?,I received my debit card. How do I know if it is active or not?,,,,,,,,,,,,,,,,,,,,,,,,
1039,How can I check the status of my physical debit card application?,Where to check the status of my physical debit card ?,Kindly provide me with the link to check the status of my physical debit card?,Can you help me in checking the status of my physical debit card?,How can I check the status of my physical debit card?,What is the status my physical debit card?,debit card  status,What is the status of my physical debit card,What is the status my debit card,What is the status my debit card?,track my package,How can I track debit card,i have already applied for debit card,How can I check the status of my physical debit card application?,,,,,,,,,,,,,,
1040,"The charge of the physical debit card was debited from my account. However, I didn?t receive the physical debit card yet. When will I receive my debit card?","The charge of the physical  debit card was debited from my account. However, I didn?t receive the physical debit card yet. Can you provide me with the link to check the status of my credit card?","The charge of the physical  debit card was debited from my account. However, I didn?t receive the physical debit card yet. When will I receive my debit card?",,,,,,,,,,,,,,,,,,,,,,,,,
1043,How many days will it take for the physical debit card to reach my communication address?,What is the time frame at which my physical debit card will reach to my communication address?,Can you let me know when i will get my physical debit card at my communication address?,What are the number of working days required for the physical debit card to reach my communication address?,How many days will it take for the physical debit card to reach my communication address?,How many days will it take for debit card to reach my communication address?,how many days does it takes?,,,,,,,,,,,,,,,,,,,,,
1044,Can I use my AllinCall debit for international transactions?,is there an option to use my AllinCall debit for international transactions?,Is there a provision to use my AllinCall debit for international transactions?,How can i use my AllinCall debit for international transactions?,Is AllinCall bank credit card allowed to use for international transactions?,Can I use my AllinCall debit for international transactions?,,,,,,,,,,,,,,,,,,,,,,
1045,"Is there any charge or processing fee for using AllinCall bank debit card on Netflix, Prime etc?","What are the charges or processing fees for using AllinCall bank debit card on Netflix, Prime etc?","Share with me the charges or processing fees for using AllinCall bank debit card on Netflix, Prime etc?","Specify the charges or processing fees for using AllinCall bank debit card on Netflix, Prime etc?","Is there any charge or processing fee for using AllinCall bank debit card on Netflix, Prime etc?",,,,,,,,,,,,,,,,,,,,,,,
1046,How can I use my virtual debit card to shop online?,GIve details on how to use my virtual debit card to shop online,Share information on how to use my virtual debit card to shop online,What are the steps to use use my virtual debit card to shop online?,Tell me how to use my virtual debit card to shop online,What is the procedure to use my virtual debit card to shop online?,How can I use my virtual debit card to shop online?,VDC,,,,,,,,,,,,,,,,,,,,
1047,How can I withdraw money without debit card,Steps to withdraw without debit card,Process to withdraw without debit card,Guide me on how to withdraw money without debit card,I want to withdraw money without debit card please help,How can I withdraw money without debit card,How can I withdraw without ATM card,How can I withdraw cash without debit card,Withdrawal,IMT,,,,,,,,,,,,,,,,,,
1048,I do not see my virtual debit card,Where is my virtual debit card?,Where can I find my virtual debit card?,Where can i download  my virtual debit card?,I do not see my virtual debit card,,,,,,,,,,,,,,,,,,,,,,,
1049,My virtual card is blocked and it says it will be available after 2 days,"It is saying that my virtual card is blocked and will be available after 2 days, What should i do?","I have completed my KYC process and still not able to view my virtual debit card, it is blocked?",My virtual card is blocked and it says it will be available after 2 days,My virtual card is locked ,My virtual card is blocked/locked and it says it will be available after 2 days,My virtual card is block and it says it will be available after 2 days,,,,,,,,,,,,,,,,,,,,,
1050,What is MPIN?,Tell me about MPIN,I want to know about MPIN,Give me information about MPIN,What are the things I need to know about MPIN,Details on MPIN,What is meant by MPIN,Meaning of MPIN,Can you explain MPIN,Clarify what is MPIN,I am confused about MPIN,What is MPIN?,,,,,,,,,,,,,,,,
1051,Why do I need MPIN?,Why do I need MPIN,Tell me about Why do I need MPIN,I want to know about Why do I need MPIN,Give me information about Why do I need MPIN,Details on Why do I need MPIN,Can you explain Why do I need MPIN,Clarify Why do I need MPIN,Why do I need MPIN?,,,,,,,,,,,,,,,,,,,
1052,How do I create MPIN?,How do I create MPIN,Tell me about How do I create MPIN,I want to know about How do I create MPIN,Give me information about How do I create MPIN,Details on How do I create MPIN,Can you explain How do I create MPIN,Clarify How do I create MPIN,How do I create MPIN?,,,,,,,,,,,,,,,,,,,
1053,How do I create a PIN for my Virtual debit card?,How do I create a PIN for my Virtual debit card,Tell me about How do I create a PIN for my Virtual debit card,I want to know about How do I create a PIN for my Virtual debit card,Give me information about How do I create a PIN for my Virtual debit card,Details on How do I create a PIN for my Virtual debit card,Can you explain How do I create a PIN for my Virtual debit card,Clarify How do I create a PIN for my Virtual debit card,How do I create a PIN for my Virtual debit card?,,,,,,,,,,,,,,,,,,,
1054,How do I set password for my Net Banking?,How do I set password for my Net Banking,Tell me about How do I set password for my Net Banking,I want to know about How do I set password for my Net Banking,Give me information about How do I set password for my Net Banking,Details on How do I set password for my Net Banking,Can you explain How do I set password for my Net Banking,Clarify How do I set password for my Net Banking,How do I set password for my Net Banking?,,,,,,,,,,,,,,,,,,,
1055,What is my CRN?,Tell me about CRN,I want to know about CRN,Give me information about CRN,What are the things I need to know about CRN,Details on CRN,What is meant by CRN,Meaning of CRN,Can you explain CRN,Clarify what is CRN,I am confused about CRN,What is my CRN?,,,,,,,,,,,,,,,,
1056,How to reset/change MPIN?,How to reset/change MPIN,Tell me about How to reset/change MPIN,I want to know about How to reset/change MPIN,Give me information about How to reset/change MPIN,Details on How to reset/change MPIN,Can you explain How to reset/change MPIN,Clarify How to reset/change MPIN,How to reset/change MPIN?,Forgot MPIN,,,,,,,,,,,,,,,,,,
1057,How to recover CRN?,define recover CRN,Help me with the recover CRN,do we need to have Maker Checker and Approver set up,Is it necessary to have Maker Checker and Approver set up,Explain recover CRN,Explain recover CRN,How to recover CRN?,cnr,,,,,,,,,,,,,,,,,,,
1058,How do I set my MPIN after video KYC?,How do I set my MPIN after video KYC,Tell me about How do I set my MPIN after video KYC,I want to know about How do I set my MPIN after video KYC,Give me information about How do I set my MPIN after video KYC,Details on How do I set my MPIN after video KYC,Can you explain How do I set my MPIN after video KYC,Clarify How do I set my MPIN after video KYC,How do I set my MPIN after video KYC?,,,,,,,,,,,,,,,,,,,
1059,How do I change my Mobile number?,change my Mobile number,Help me with how to change my Mobile number,Can you tell how can I change my Mobile number,change my Mobile number,How do I change my Mobile number?,How can I update my contact number,how can I change my contact number,contact number,How do I change my phone number,,,,,,,,,,,,,,,,,,
1060,How to change my address after KYC?,define change my address after KYC,Help me with the change my address after KYC,Explain change my address after KYC,Explain change my address after KYC,How to change my address after KYC?,I want to update my address,i want to apply for address change online,,,,,,,,,,,,,,,,,,,,
1061,How to change my email id after KYC?,How to change my email id after KYC,Tell me about How to change my email id after KYC,I want to know about How to change my email id after KYC,Give me information about How to change my email id after KYC,Details on How to change my email id after KYC,Can you explain How to change my email id after KYC,Clarify How to change my email id after KYC,How to change my email id after KYC?,,,,,,,,,,,,,,,,,,,
1161,How to open Video KYC account?,What are the steps to open Video KYC account?,Tell me the procedure to open Video KYC account,Give details on how to open Video KYC account,Share information on how to open Video KYC account,How to open Video KYC account?,,,,,,,,,,,,,,,,,,,,,,
1062,What is my home branch?,Tell me about my home branch,I want to know about my home branch,Give me information about my home branch,What are the things I need to know about my home branch,Details on my home branch,What is meant by my home branch,Meaning of my home branch,Can you explain my home branch,Clarify what is my home branch,I am confused about my home branch,What is my home branch?,how can i know my branch name,,,,,,,,,,,,,,,
1063,What is the time taken for the deposited cash to reflect in my AllinCall account?,What is the time taken for the deposited cash to reflect in my AllinCall account?,time taken for deposited cash to reflect in my AllinCall account,time taken for deposited cash to reflect in my  account,how much time it takes for deposited cash to reflect in my AllinCall account,please tell me about time taken for the deposited cash to reflect in my AllinCall account,,,,,,,,,,,,,,,,,,,,,,
1064,How to update my name in AllinCall bank account?,define update my name in account,Help me with the update my name in account,Explain update my name in account,Explain update my name in account,How to update my name in account?,How to update my name account?,How to update my date of birth in account ,update date of birth,update name,,,,,,,,,,,,,,,,,,
1065,How to update my date of birth in AllinCall bank account?,How to update my date of birth in AllinCall bank account,Tell me about How to update my date of birth in AllinCall bank account,I want to know about How to update my date of birth in AllinCall bank account,Give me information about How to update my date of birth in AllinCall bank account,Details on How to update my date of birth in AllinCall bank account,Can you explain How to update my date of birth in AllinCall bank account,Clarify How to update my date of birth in AllinCall bank account,How to update my date of birth in AllinCall bank account?,,,,,,,,,,,,,,,,,,,
1068,I want to activate my account when will it be activated?,How do I know if my account is active,I want to activate my account when will it be activated?,how much time it takes to activate my account,How to activate my account,when will my account be activated?,,,,,,,,,,,,,,,,,,,,,,
1069,Why my account is under freeze?,tell me about Why my account is under freeze,help me with Why my account is under freeze,can you tell Why my account is under freeze,answer Why my account is under freeze,Why my account is under freeze?,Freeze,Frozen,Why did you put my account under freeze?,,,,,,,,,,,,,,,,,,,
1070,What do I do if my account is frozen?,Tell me about What do I do if my account is frozen,I want to know about What do I do if my account is frozen,Give me information about What do I do if my account is frozen,What are the things I need to know about What do I do if my account is frozen,Details on What do I do if my account is frozen,What is meant by What do I do if my account is frozen,Meaning of What do I do if my account is frozen,Can you explain What do I do if my account is frozen,Clarify what is What do I do if my account is frozen,I am confused about What do I do if my account is frozen,What do I do if my account is frozen?,,,,,,,,,,,,,,,,
1071,How to close my account?,How to close my account,Tell me about How to close my account,I want to know about How to close my account,Give me information about How to close my account,Clarify How to close my account,How to close my account?,,,,,,,,,,,,,,,,,,,,,
1072,Can I close my account online?,Can I close my account online,Tell me about Can I close my account online,I want to know about Can I close my account online,Give me information about Can I close my account online,Details on Can I close my account online,Can you explain Can I close my account online,Clarify Can I close my account online,Can I close my account online?,,,,,,,,,,,,,,,,,,,
1074,How much time will it take to receive a demand draft after my AllinCall account is closed?,How much time will it take to receive a demand draft after my AllinCall account is closed,Tell me about How much time will it take to receive a demand draft after my AllinCall account is closed,I want to know about How much time will it take to receive a demand draft after my AllinCall account is closed,Give me information about How much time will it take to receive a demand draft after my AllinCall account is closed,Details on How much time will it take to receive a demand draft after my AllinCall account is closed,Can you explain How much time will it take to receive a demand draft after my AllinCall account is closed,Clarify How much time will it take to receive a demand draft after my AllinCall account is closed,How much time will it take to receive a demand draft after my AllinCall account is closed?,,,,,,,,,,,,,,,,,,,
1075,How do I login?,login,Help me with how to login,Can you tell how can I login,login,How do I login?,How to open App,how to open MB app,difficulty in opening app,,,,,,,,,,,,,,,,,,,
1077,How do I view my Virtual Debit Card in the Mobile Banking App?,How do I view my Virtual Debit Card in the Mobile Banking App,Tell me about How do I view my Virtual Debit Card in the Mobile Banking App,I want to know about How do I view my Virtual Debit Card in the Mobile Banking App,Give me information about How do I view my Virtual Debit Card in the Mobile Banking App,Details on How do I view my Virtual Debit Card in the Mobile Banking App,Can you explain How do I view my Virtual Debit Card in the Mobile Banking App,Clarify How do I view my Virtual Debit Card in the Mobile Banking App,How do I view my Virtual Debit Card in the Mobile Banking App?,Show me virtual debit card,,,,,,,,,,,,,,,,,,
1078,How do I start using the Mobile Banking App after opening my account?,How do I start using the Mobile Banking App,Tell me about How do I start using the Mobile Banking App,I want to know about How do I start using the Mobile Banking App,Give me information about How do I start using the Mobile Banking App,Details on How do I start using the Mobile Banking App,Can you explain How do I start using the Mobile Banking App,Clarify How do I start using the Mobile Banking App,How do I start using the Mobile Banking App,,,,,,,,,,,,,,,,,,,
1079,How to I see my account statements through app?,How to I see my account statements through app?, I want see my account statements through app?,My account statement through app,,,,,,,,,,,,,,,,,,,,,,,,
1080,Can I transfer money from AllinCall mobile banking app?,Can I transfer money from AllinCall mobile banking app?,how can i transfer money from AllinCall mobile app,i want to transfer money from AllinCall mobile banking app,i wish to transfer money from AllinCall mobile banking app,transfer money using AllinCall mobile banking app,,,,,,,,,,,,,,,,,,,,,,
1081,How can I see my account?,How can I see my account,Tell me about How can I see my account,I want to know about How can I see my account,Give me information about How can I see my account,Details on How can I see my account,Can you explain How can I see my account,Clarify How can I see my account,How can I see my account?,,,,,,,,,,,,,,,,,,,
1082,what do I do after opening AllinCall?,Tell me about what do I do after opening AllinCall,I want to know about what do I do after opening AllinCall,Give me information about what do I do after opening AllinCall,What are the things I need to know about what do I do after opening AllinCall,Details on what do I do after opening AllinCall,What is meant by what do I do after opening AllinCall,Meaning of what do I do after opening AllinCall,Can you explain what do I do after opening AllinCall,Clarify what is what do I do after opening AllinCall,I am confused about what do I do after opening AllinCall,what do I do after opening AllinCall?,,,,,,,,,,,,,,,,
1083,How can I increase the credit limit on AllinCall #DreamDifferent Credit Card?,How can I increase the credit limit on AllinCall #DreamDifferent Credit Card,Tell me about How can I increase the credit limit on AllinCall #DreamDifferent Credit Card,I want to know about How can I increase the credit limit on AllinCall #DreamDifferent Credit Card,Give me information about How can I increase the credit limit on AllinCall #DreamDifferent Credit Card,Details on How can I increase the credit limit on AllinCall #DreamDifferent Credit Card,Can you explain How can I increase the credit limit on AllinCall #DreamDifferent Credit Card,Clarify How can I increase the credit limit on AllinCall #DreamDifferent Credit Card,How can I increase the credit limit on AllinCall #DreamDifferent Credit Card?,,,,,,,,,,,,,,,,,,,
1084,I have a low credit score. Can I apply for AllinCall bank #DreamDifferent Credit Card?,I have a low credit score. Can I apply for AllinCall bank #DreamDifferent Credit Card?,low credit score and want to apply for AllinCall bank DreamDifferent credit card ,i have a low credit score. can i apply for AllinCall bank dreamdifferent credit card,,,,,,,,,,,,,,,,,,,,,,,,
1085,What is AllinCall bank DreamDifferent,Tell me about What is AllinCall bank  DreamDifferent,I want to know about What is AllinCall bank   DreamDifferent,Give me information about What is AllinCall bank  DreamDifferent,What are the things I need to know about What is AllinCall bank  DreamDifferent,Details on What is AllinCall bank   DreamDifferent,What is meant by What is AllinCall bank   DreamDifferent,Meaning of What is AllinCall bank   DreamDifferent,Can you explain What is AllinCall bank   DreamDifferent,Clarify what is What is AllinCall bank  DreamDifferent,I am confused about What is AllinCall bank   DreamDifferent,What is AllinCall bank   DreamDifferent,,,,,,,,,,,,,,,,
1164,I dropped from the video kyc journey. What do I do?,"I need to complete my video KYC, what should i do?","I lost connection in the middle of performing my video KYC, what can i do?","I need to restart my vidoeo KYC, what should i do?",I dropped from the video kyc journey. What do I do?,,,,,,,,,,,,,,,,,,,,,,,
1086,What is AllinCall bank DreamDifferent Credit card?,what is AllinCall bank DreamDifferent credit card,give me information about AllinCall bank dreamdifferent credit card?,information on AllinCall bank dreamdifferent credit card?,information about AllinCall bank dreamdifferent credit card?,i want to know about AllinCall bank dreamdifferent credit card?,what do you mean by AllinCall bank dreamdifferent credit card?,can you explain AllinCall bank dreamdifferent credit card?,i am confused about AllinCall bank dreamdifferent credit card?,what you meant by AllinCall bank dreamdifferent credit card?,details about AllinCall bank dreamdifferent credit card?,details on AllinCall bank dreamdifferent credit card?,what are the things i need to know about AllinCall bank dreamdifferent credit card?,explain AllinCall bank dreamdifferent credit card?,tell me about AllinCall bank dreamdifferent credit card?,explain what is AllinCall bank dreamdifferent credit card?,help me understand AllinCall bank dreamdifferent credit card?,What is AllinCall bank DreamDifferent Credit card?,how to apply for credit card,i want credit card,pl new credit card,,,,,,,
1087,What will be the credit,Tell me about What will be the credit,I want to know about What will be the credit,Give me information about What will be the credit,What are the things I need to know about What will be the credit,Details on What will be the credit,What is meant by What will be the credit,Meaning of What will be the credit,Can you explain What will be the credit,Clarify what is What will be the credit,I am confused about What will be the credit,What will be the credit,,,,,,,,,,,,,,,,
1088,How can I pay DTH bill?,How can I pay DTH  bill,Tell me about  How can I pay DTH  bill,I want to know about  How can I pay DTH  bill,Give me information about  How can I pay DTH  bill,Details on  How can I pay DTH  bill,Can you explain  How can I pay DTH  bill,Clarify  How can I pay DTH  bill, How can I pay DTH  bill?,,,,,,,,,,,,,,,,,,,
1089,How can I pay electricity bill?,How can I pay electricity bill,Tell me about  How can I pay electricity bill,I want to know about  How can I pay electricity bill,Give me information about  How can I pay electricity bill,Details on  How can I pay electricity bill,Can you explain  How can I pay electricity bill,Clarify  How can I pay electricity bill, How can I pay electricity bill?,,,,,,,,,,,,,,,,,,,
1090,Can I pay electricity bills through my AllinCall account?,Can I pay electricity bills,Tell me about Can I pay electricity bills,I want to know about Can I pay electricity bills,Give me information about Can I pay electricity bills,Details on Can I pay electricity bills,Can you explain Can I pay electricity bills,Clarify Can I pay electricity bills,Can I pay electricity bills through my AllinCall account?,,,,,,,,,,,,,,,,,,,
1091,Can I recharge my phone through my AllinCall account? How can I do mobile recharge online through mobile bank app?,Can you explain Can I pay phone bills through my AllinCall account,Clarify Can I pay phone bills through my AllinCall account,Can I recharge my phone through my AllinCall account? How can I do mobile recharge online through mobile bank app?,Can I recharge my phone through my AllinCall account,How can I do mobile recharge online through mobile bank app?,,,,,,,,,,,,,,,,,,,,,,
1092,Can I set autopay bill option through my AllinCall bank Account? How can I set the autopay option?,Can I set autopay bill option through my AllinCall bank Account? How can I set the autopay option,Tell me about Can I set autopay bill option through my AllinCall bank Account? How can I set the autopay option,I want to know about Can I set autopay bill option through my AllinCall bank Account? How can I set the autopay option,Give me information about Can I set autopay bill option through my AllinCall bank Account? How can I set the autopay option,Details on Can I set autopay bill option through my AllinCall bank Account? How can I set the autopay option,Can you explain Can I set autopay bill option through my AllinCall bank Account? How can I set the autopay option,Clarify Can I set autopay bill option through my AllinCall bank Account? How can I set the autopay option,Can I set autopay bill option through my AllinCall bank Account? How can I set the autopay option?,,,,,,,,,,,,,,,,,,,
1165,Why can't I do Video KYC?,I have problems with video KYC,Why i am being restricted to perform video KYC?,How do i Perform video KYC if im getting an error?,Why can't I do Video KYC?,,,,,,,,,,,,,,,,,,,,,,,
1093,How can I add billers through my AllinCall account?,How can I add billers through my AllinCall account?,Tell me about How can I add billers through my AllinCall account?,I want to know about How can I add billers through my AllinCall account?,Give me information about How can I add billers through my AllinCall account?,Details on How can I add billers through my AllinCall account?,Can you explain How can I add billers through my AllinCall account?,Clarify How can I add billers through my AllinCall account?,How can I add billers through my AllinCall account?,,,,,,,,,,,,,,,,,,,
1094,How can I cancel the autopay of my bill payments?,How can I cancel the autopay of my bill payments,Tell me about How can I cancel the autopay of my bill payments,I want to know about How can I cancel the autopay of my bill payments,Give me information about How can I cancel the autopay of my bill payments,Details on How can I cancel the autopay of my bill payments,Can you explain How can I cancel the autopay of my bill payments,Clarify How can I cancel the autopay of my bill payments,How can I cancel the autopay of my bill payments?,,,,,,,,,,,,,,,,,,,
1095,How can I view my recent bill payments made through my AllinCall account?,How can I view my recent bill payments made,Tell me about How can I view my recent bill payments made,I want to know about How can I view my recent bill payments made,Give me information about How can I view my recent bill payments made,Details on How can I view my recent bill payments made,Can you explain How can I view my recent bill payments made,Clarify How can I view my recent bill payments made,How can I view my recent bill payments made,How can I view my recent bill payments made?,,,,,,,,,,,,,,,,,,
1096,What bills can I pay through AllinCall mobile app?,Tell me about What bills can I pay through AllinCall mobile app,I want to know about What bills can I pay through AllinCall mobile app,Give me information about What bills can I pay through AllinCall mobile app,What are the things I need to know about What bills can I pay through AllinCall mobile app,Details on What bills can I pay through AllinCall mobile app,What is meant by What bills can I pay through AllinCall mobile app,Meaning of What bills can I pay through AllinCall mobile app,Can you explain What bills can I pay through AllinCall mobile app,Clarify what is What bills can I pay through AllinCall mobile app,I am confused about What bills can I pay through AllinCall mobile app,What bills can I pay through AllinCall mobile app?,bill pay,billpay,Autopay,,,,,,,,,,,,,
1097,How do I apply for a consumer finance loan?,How do I apply for a consumer finance loan,Tell me about How do I apply for a consumer finance loan,I want to know about How do I apply for a consumer finance loan,Give me information about How do I apply for a consumer finance loan,Details on How do I apply for a consumer finance loan,Can you explain How do I apply for a consumer finance loan,Clarify How do I apply for a consumer finance loan,How do I apply for a consumer finance loan?,,,,,,,,,,,,,,,,,,,
1098,How do I check pre-approved offers for AllinCall Consumer finance?,How do I check pre-approved offers for AllinCall Consumer finance,Tell me about How do I check pre-approved offers for AllinCall Consumer finance,I want to know about How do I check pre-approved offers for AllinCall Consumer finance,Give me information about How do I check pre-approved offers for AllinCall Consumer finance,Details on How do I check pre-approved offers for AllinCall Consumer finance,Can you explain How do I check pre-approved offers for AllinCall Consumer finance,Clarify How do I check pre-approved offers for AllinCall Consumer finance,How do I check pre-approved offers for AllinCall Consumer finance?,,,,,,,,,,,,,,,,,,,
1162,My communication address is different from my Aadhaar address. Can I carry out the video KYC process?,My communication address is different from my Aadhaar address. Can i add a new address to perform my video KYC?,"If my communication address is different from my Aadhaar address, am i alowed to perform video KYC?",My communication address is different from my Aadhaar address. Can I carry out the video KYC process?,,,,,,,,,,,,,,,,,,,,,,,,
1099,What are the features of AllinCall Consumer Finance ?,Tell me about features of AllinCall Consumer Finance,I want to know about features of AllinCall Consumer Finance,Give me information about features of AllinCall Consumer Finance,What are the things I need to know about features of AllinCall Consumer Finance,Details on features of AllinCall Consumer Finance,What is meant by features of AllinCall Consumer Finance,Meaning of features of AllinCall Consumer Finance,Can you explain features of AllinCall Consumer Finance,Clarify what is features of AllinCall Consumer Finance,I am confused about features of AllinCall Consumer Finance,What are the features of AllinCall Consumer Finance ?,,,,,,,,,,,,,,,,
1100,Can I book a Fixed Deposit through my AllinCall bank Account?,Can I book a Fixed Deposit ,Tell me about Can I book a Fixed Deposit,I want to know about Can I book a Fixed Deposit ,Give me information about Can I book a Fixed Deposit ,Details on Can I book a Fixed Deposit ,Can you explain Can I book a Fixed Deposit ,Clarify Can I book a Fixed Deposit,Can I book a Fixed Deposit ,Can I book Term Deposit,Can I book a Fixed Deposit?,how do i open fixed deposit,Can I book a Fixed Deposit through my AllinCall bank Account?,,,,,,,,,,,,,,,
1102,How can I check the maturity date of my fixed deposit online?,How can I check the maturity date of my fixed deposit online,Tell me about How can I check the maturity date of my fixed deposit online,I want to know about How can I check the maturity date of my fixed deposit online,Give me information about How can I check the maturity date of my fixed deposit online,Details on How can I check the maturity date of my fixed deposit online,Can you explain How can I check the maturity date of my fixed deposit online,Clarify How can I check the maturity date of my fixed deposit online,How can I check the maturity date of my fixed deposit online?,,,,,,,,,,,,,,,,,,,
1103,How to check the history of my term deposit?,How to check the history of my term deposit,Tell me about How to check the history of my term deposit,I want to know about How to check the history of my term deposit,Give me information about How to check the history of my term deposit,Details on How to check the history of my term deposit,Can you explain How to check the history of my term deposit,Clarify How to check the history of my term deposit,How to check the history of my term deposit?,,,,,,,,,,,,,,,,,,,
1104,What are the benefits of Sweepin facility?,Tell me about benefits of Sweepin facility,I want to know about benefits of Sweepin facility,Give me information about benefits of Sweepin facility,What are the things I need to know about benefits of Sweepin facility,Details on benefits of Sweepin facility,What is meant by benefits of Sweepin facility,Meaning of benefits of Sweepin facility,Can you explain benefits of Sweepin facility,Clarify what is benefits of Sweepin facility,I am confused about benefits of Sweepin facility,What are the benefits of Sweepin facility?,why would i opt for sweepin facility,What are the benefits of Sweepin facility?,,,,,,,,,,,,,,
1105,What documents do I need to book an FD?,Tell me about What documents do I need to book an FD,I want to know about What documents do I need to book an FD,Give me information about What documents do I need to book an FD,What are the things I need to know about What documents do I need to book an FD,Details on What documents do I need to book an FD,What is meant by What documents do I need to book an FD,Meaning of What documents do I need to book an FD,Can you explain What documents do I need to book an FD,Clarify what is What documents do I need to book an FD,I am confused about What documents do I need to book an FD,What documents do I need to book an FD? ,,,,,,,,,,,,,,,,
1106,What is autosweep facility?,Tell me about autosweep facility,I want to know about autosweep facility,What are the things I need to know about autosweep facility,Details on autosweep facility,What is meant by autosweep facility,Meaning of autosweep facility,Can you explain autosweep facility,Clarify what is autosweep facility,I am confused about autosweep facility,What is autosweep facility?,How to avail autosweep,How can I apply for autosweep,i want autosweep ,how to get auto sweep ,,,,,,,,,,,,,
1107,What is the interest rate on AllinCall FD?,What is the interest rate on AllinCall FD?,What is the interest rate on AllinCall Fixed Deposit,i want to know interest rates on AllinCall Fixed Deposit,i want to know interest rates on AllinCall FD,FD interest rates,interest rates on AllinCall Fixed Deposit,,,,,,,,,,,,,,,,,,,,,
1108,What is the minimum amount to open Fixed Deposit?,Tell me about minimum amount to open Fixed Deposit,I want to know about minimum amount to open Fixed Deposit,Give me information about minimum amount to open Fixed Deposit,What are the things I need to know about minimum amount to open Fixed Deposit,Details on minimum amount to open Fixed Deposit,What is meant by minimum amount to open Fixed Deposit,Meaning of minimum amount to open Fixed Deposit,Can you explain minimum amount to open Fixed Deposit,Clarify what is minimum amount to open Fixed Deposit,I am confused about minimum amount to open Fixed Deposit,What is the minimum amount to open Fixed Deposit?,,,,,,,,,,,,,,,,
1109,Why should I book an Fixed Deposit?,Why should I book an Fixed Deposit,Tell me about Why should I book an Fixed Deposit,I want to know about Why should I book an Fixed Deposit,Give me information about Why should I book an Fixed Deposit,Details on Why should I book an Fixed Deposit,Can you explain Why should I book an Fixed Deposit,Clarify Why should I book an Fixed Deposit,Why should I book an Fixed Deposit?  ,,,,,,,,,,,,,,,,,,,
1110,What is AllinCall Group Accident Protect?,Tell me about AllinCall Group Accident Protect,I want to know about AllinCall Group Accident Protect,Give me information about AllinCall Group Accident Protect,What are the things I need to know about AllinCall Group Accident Protect,Details on AllinCall Group Accident Protect,What is meant by AllinCall Group Accident Protect,Meaning of AllinCall Group Accident Protect,Can you explain AllinCall Group Accident Protect,Clarify what is AllinCall Group Accident Protect,I am confused about AllinCall Group Accident Protect,What is AllinCall Group Accident Protect?,,,,,,,,,,,,,,,,
1122,How can I apply for AllinCall Gold Loan?,How can I apply for AllinCall Gold Loan,Tell me about How can I apply for AllinCall Gold Loan,I want to know about How can I apply for AllinCall Gold Loan,Give me information about How can I apply for AllinCall Gold Loan,Details on How can I apply for AllinCall Gold Loan,Can you explain How can I apply for AllinCall Gold Loan,Clarify How can I apply for AllinCall Gold Loan,How can I apply for AllinCall Gold Loan?,,,,,,,,,,,,,,,,,,,
1111,What is the premium amount of AllinCall Group Accident Protect?,Tell me about the premium amount of AllinCall Group Accident Protect,I want to know about the premium amount of AllinCall Group Accident Protect,Give me information about the premium amount of AllinCall Group Accident Protect,What are the things I need to know about the premium amount of AllinCall Group Accident Protect,Details on the premium amount of AllinCall Group Accident Protect,What is meant by the premium amount of AllinCall Group Accident Protect,Meaning of the premium amount of AllinCall Group Accident Protect,Can you explain the premium amount of AllinCall Group Accident Protect,Clarify what is the premium amount of AllinCall Group Accident Protect,I am confused about the premium amount of AllinCall Group Accident Protect,What is the premium amount of AllinCall Group Accident Protect?,,,,,,,,,,,,,,,,
1112,Can I apply for Sovereign Gold Bond through AllinCall bank Account? How can I apply for Sovereign Gold Bond online?,Can I apply for Sovereign Gold Bond through? How can I apply for Sovereign Gold Bond online,Tell me about Can I apply for Sovereign Gold Bond through? How can I apply for Sovereign Gold Bond online,I want to know about Can I apply for Sovereign Gold Bond through? How can I apply for Sovereign Gold Bond online,Give me information about Can I apply for Sovereign Gold Bond through? How can I apply for Sovereign Gold Bond online,Details on Can I apply for Sovereign Gold Bond through? How can I apply for Sovereign Gold Bond online,Can you explain Can I apply for Sovereign Gold Bond through? How can I apply for Sovereign Gold Bond online,Clarify Can I apply for Sovereign Gold Bond through AllinCall bank Account? How can I apply for Sovereign Gold Bond online,Can I apply for Sovereign Gold Bond through? How can I apply for Sovereign Gold Bond online?,Can I apply for Sovereign Gold Bond? How can I apply for Sovereign Gold Bond online?,,,,,,,,,,,,,,,,,,
1113,Can I use Sovereign Gold Bond as collateral for loans?,Can I use Sovereign Gold Bond as collateral for loans,Tell me about Can I use Sovereign Gold Bond as collateral for loans,I want to know about Can I use Sovereign Gold Bond as collateral for loans,Give me information about Can I use Sovereign Gold Bond as collateral for loans,Details on Can I use Sovereign Gold Bond as collateral for loans,Can you explain Can I use Sovereign Gold Bond as collateral for loans,Clarify Can I use Sovereign Gold Bond as collateral for loans,Can I use Sovereign Gold Bond as collateral for loans?,,,,,,,,,,,,,,,,,,,
1114,Do I need to visit a bank branch to invest in Sovereign Gold Bonds?,Do I need to visit a bank branch to invest in Sovereign Gold Bonds,Tell me about Do I need to visit a bank branch to invest in Sovereign Gold Bonds,I want to know about Do I need to visit a bank branch to invest in Sovereign Gold Bonds,Give me information about Do I need to visit a bank branch to invest in Sovereign Gold Bonds,Details on Do I need to visit a bank branch to invest in Sovereign Gold Bonds,Can you explain Do I need to visit a bank branch to invest in Sovereign Gold Bonds,Clarify Do I need to visit a bank branch to invest in Sovereign Gold Bonds,Do I need to visit a bank branch to invest in Sovereign Gold Bonds?,,,,,,,,,,,,,,,,,,,
1115,What are Sovereign Gold Bonds?,Tell me about  What are Sovereign Gold Bonds,I want to know about  What are Sovereign Gold Bonds,Give me information about  What are Sovereign Gold Bonds,What are the things I need to know about  What are Sovereign Gold Bonds,Details on  What are Sovereign Gold Bonds,What is meant by  What are Sovereign Gold Bonds,Meaning of  What are Sovereign Gold Bonds,Can you explain  What are Sovereign Gold Bonds,Clarify what is  What are Sovereign Gold Bonds,I am confused about  What are Sovereign Gold Bonds,What are Sovereign Gold Bonds?,,,,,,,,,,,,,,,,
1135,What is Secure One?,Tell me about Secure One,I want to know about Secure One,Give me information about Secure One,What are the things I need to know about Secure One,Details on Secure One,What is meant by Secure One,Meaning of Secure One,Can you explain Secure One,Clarify what is Secure One,I am confused about Secure One,What is Secure One?,,,,,,,,,,,,,,,,
1116,What are the benefits of investing in Sovereign Gold Bonds?,Tell me about the benefits of investing in Sovereign Gold Bonds,I want to know about the benefits of investing in Sovereign Gold Bonds,Give me information about the benefits of investing in Sovereign Gold Bonds,What are the things I need to know about the benefits of investing in Sovereign Gold Bonds,Details on the benefits of investing in Sovereign Gold Bonds,What is meant by the benefits of investing in Sovereign Gold Bonds,Meaning of the benefits of investing in Sovereign Gold Bonds,Can you explain the benefits of investing in Sovereign Gold Bonds,Clarify what is the benefits of investing in Sovereign Gold Bonds,I am confused about the benefits of investing in Sovereign Gold Bonds,What are the benefits of investing in Sovereign Gold Bonds?,,,,,,,,,,,,,,,,
1117,What is the minimum investment amount in Sovereign Gold Bonds?,Tell me about the minimum investment amount in Sovereign Gold Bonds,I want to know about the minimum investment amount in Sovereign Gold Bonds,Give me information about the minimum investment amount in Sovereign Gold Bonds,What are the things I need to know about the minimum investment amount in Sovereign Gold Bonds,Details on the minimum investment amount in Sovereign Gold Bonds,What is meant by the minimum investment amount in Sovereign Gold Bonds,Meaning of the minimum investment amount in Sovereign Gold Bonds,Can you explain the minimum investment amount in Sovereign Gold Bonds,Clarify what is the minimum investment amount in Sovereign Gold Bonds,I am confused about the minimum investment amount in Sovereign Gold Bonds,What is the minimum investment amount in Sovereign Gold Bonds?,,,,,,,,,,,,,,,,
1118,What is the rate of interest of Sovereign Gold Bonds and how will the interest be paid?,Tell me about the rate of interest of Sovereign Gold Bonds and how will the interest be paid,I want to know about the rate of interest of Sovereign Gold Bonds and how will the interest be paid,Give me information about the rate of interest of Sovereign Gold Bonds and how will the interest be paid,What are the things I need to know about the rate of interest of Sovereign Gold Bonds and how will the interest be paid,Details on the rate of interest of Sovereign Gold Bonds and how will the interest be paid,What is meant by the rate of interest of Sovereign Gold Bonds and how will the interest be paid,Meaning of the rate of interest of Sovereign Gold Bonds and how will the interest be paid,Can you explain the rate of interest of Sovereign Gold Bonds and how will the interest be paid,Clarify what is the rate of interest of Sovereign Gold Bonds and how will the interest be paid,I am confused about the rate of interest of Sovereign Gold Bonds and how will the interest be paid,What is the rate of interest of Sovereign Gold Bonds and how will the interest be paid?,,,,,,,,,,,,,,,,
1120,Can I foreclose the gold loan earlier?,Can I foreclose the gold loan earlier,Tell me about Can I foreclose the gold loan earlier,I want to know about Can I foreclose the gold loan earlier,Give me information about Can I foreclose the gold loan earlier,Details on Can I foreclose the gold loan earlier,Can you explain Can I foreclose the gold loan earlier,Clarify Can I foreclose the gold loan earlier,Can I foreclose the gold loan earlier?,,,,,,,,,,,,,,,,,,,
1121,Do I need to provide any income documents for gold loan?,Do I need to provide any income documents for gold loan,Tell me about Do I need to provide any income documents for gold loan,I want to know about Do I need to provide any income documents for gold loan,Give me information about Do I need to provide any income documents for gold loan,Details on Do I need to provide any income documents for gold loan,Can you explain Do I need to provide any income documents for gold loan,Clarify Do I need to provide any income documents for gold loan,Do I need to provide any income documents for gold loan?,,,,,,,,,,,,,,,,,,,
1123,What are the features of AllinCall Gold Loan?,Tell me about the features of AllinCall Gold Loan,I want to know about the features of AllinCall Gold Loan,Give me information about the features of AllinCall Gold Loan,What are the things I need to know about the features of AllinCall Gold Loan,Details on the features of AllinCall Gold Loan,What is meant by the features of AllinCall Gold Loan,Meaning of the features of AllinCall Gold Loan,Can you explain the features of AllinCall Gold Loan,Clarify what is the features of AllinCall Gold Loan,I am confused about the features of AllinCall Gold Loan,What are the features of AllinCall Gold Loan?,,,,,,,,,,,,,,,,
1124,What are the processing fees for gold loan?,Tell me about the processing fees for gold loan,I want to know about the processing fees for gold loan,Give me information about the processing fees for gold loan,What are the things I need to know about the processing fees for gold loan,Details on the processing fees for gold loan,What is meant by the processing fees for gold loan,Meaning of the processing fees for gold loan,Can you explain the processing fees for gold loan,Clarify what is the processing fees for gold loan,I am confused about the processing fees for gold loan,What are the processing fees for gold loan?,,,,,,,,,,,,,,,,
1125,Can I do Systematic Investment Plan (SIP) through the investment account?,Can I do Systematic Investment Plan (SIP) through the investment account,Tell me about Can I do Systematic Investment Plan (SIP) through the investment account,I want to know about Can I do Systematic Investment Plan (SIP) through the investment account,Give me information about Can I do Systematic Investment Plan (SIP) through the investment account,Details on Can I do Systematic Investment Plan (SIP) through the investment account,Can you explain Can I do Systematic Investment Plan (SIP) through the investment account,Clarify Can I do Systematic Investment Plan (SIP) through the investment account,Can I do Systematic Investment Plan (SIP) through the investment account?,Can I do mutual fund through the investment account?,Can I do Systematic Investment Plan (SIP) or Mutual funds through the investment account?,How to apply for Mutual funds,,,,,,,,,,,,,,,,
1126,Can I open investment account and how can I open an investment account through my AllinCall bank bank account?,Can I open investment account and how can I open an investment account through my AllinCall bank bank account,Tell me about Can I open investment account and how can I open an investment account through my AllinCall bank bank account,I want to know about Can I open investment account and how can I open an investment account through my AllinCall bank bank account,Give me information about Can I open investment account and how can I open an investment account through my AllinCall bank bank account,Details on Can I open investment account and how can I open an investment account through my AllinCall bank bank account,Can you explain Can I open investment account and how can I open an investment account through my AllinCall bank bank account,Clarify Can I open investment account and how can I open an investment account through my AllinCall bank bank account,Can I open investment account and how can I open an investment account through my AllinCall bank bank account? ,,,,,,,,,,,,,,,,,,,
1127,Do I need a demat account to open investment account?,Do I need a demat account to open investment account,Tell me about Do I need a demat account to open investment account,I want to know about Do I need a demat account to open investment account,Give me information about Do I need a demat account to open investment account,Details on Do I need a demat account to open investment account,Can you explain Do I need a demat account to open investment account,Clarify Do I need a demat account to open investment account,Do I need a demat account to open investment account? ,,,,,,,,,,,,,,,,,,,
1128,What are the benefits of SIP?,Tell me about the benefits of SIP,I want to know about the benefits of SIP,Give me information about the benefits of SIP,What are the things I need to know about the benefits of SIP,Details on the benefits of SIP,What is meant by the benefits of SIP,Meaning of the benefits of SIP,Can you explain the benefits of SIP,Clarify what is the benefits of SIP,I am confused about the benefits of SIP,What are the benefits of SIP?,,,,,,,,,,,,,,,,
1129,What are the charges to open an Investment Account?,Tell me about charges to open an Investment Account,I want to know about charges to open an Investment Account,Give me information about charges to open an Investment Account,What are the things I need to know about charges to open an Investment Account,Details on charges to open an Investment Account,What is meant by charges to open an Investment Account,Meaning of charges to open an Investment Account,Can you explain charges to open an Investment Account,Clarify what is charges to open an Investment Account,I am confused about charges to open an Investment Account,What are the charges to open an Investment Account?,,,,,,,,,,,,,,,,
1130,What is investment account in AllinCall?,Tell me about investment account in AllinCall,I want to know about investment account in AllinCall,Give me information about investment account in AllinCall,What are the things I need to know about investment account in AllinCall,Details on investment account in AllinCall,What is meant by investment account in AllinCall,Meaning of investment account in AllinCall,Can you explain investment account in AllinCall,Clarify what is investment account in AllinCall,I am confused about investment account in AllinCall,What is investment account in AllinCall?,,,,,,,,,,,,,,,,
1131,What is the process for redeemIng mutual funds?,Tell me about the process for redeemIng mutual funds,I want to know about the process for redeemIng mutual funds,Give me information about the process for redeemIng mutual funds,What are the things I need to know about the process for redeemIng mutual funds,Details on the process for redeemIng mutual funds,What is meant by the process for redeemIng mutual funds,Meaning of the process for redeemIng mutual funds,Can you explain the process for redeemIng mutual funds,Clarify what is the process for redeemIng mutual funds,I am confused about the process for redeemIng mutual funds,What is the process for redeemIng mutual funds?,,,,,,,,,,,,,,,,
1132,What needs to be done to get mutual fund statement,Tell me about the process for redeemIng mutual What needs to be done to get mutual fund statement,I want to know about the process for redeemIng mutual What needs to be done to get mutual fund statement,Give me information about the process for redeemIng mutual What needs to be done to get mutual fund statement,What are the things I need to know about the process for redeemIng mutual What needs to be done to get mutual fund statement,Details on the process for redeemIng mutual What needs to be done to get mutual fund statement,What is meant by the process for redeemIng mutual What needs to be done to get mutual fund statement,Meaning of the process for redeemIng mutual What needs to be done to get mutual fund statement,Can you explain the process for redeemIng mutual What needs to be done to get mutual fund statement,Clarify what is the process for redeemIng mutual What needs to be done to get mutual fund statement,I am confused about the process for redeemIng mutual What needs to be done to get mutual fund statement,What needs to be done to get mutual fund statement,,,,,,,,,,,,,,,,
1133,Can I apply for life insurance policy through my AllinCall bank app?,Can I apply for life insurance policy through my AllinCall bank app,Tell me about Can I apply for life insurance policy through my AllinCall bank app,I want to know about Can I apply for life insurance policy through my AllinCall bank app,Give me information about Can I apply for life insurance policy through my AllinCall bank app,Details on Can I apply for life insurance policy through my AllinCall bank app,Can you explain Can I apply for life insurance policy through my AllinCall bank app,Clarify Can I apply for life insurance policy through my AllinCall bank app,Can I apply for life insurance policy through my AllinCall bank app? ,,,,,,,,,,,,,,,,,,,
1134,How can I apply for life insurance?,How can I apply for life insurance,Tell me about How can I apply for life insurance,I want to know about How can I apply for life insurance,Give me information about How can I apply for life insurance,Details on How can I apply for life insurance,Can you explain How can I apply for life insurance,Clarify How can I apply for life insurance,How can I apply for life insurance?,,,,,,,,,,,,,,,,,,,
1160,FATCA Declaration,What is FATCA Declaration?,Explain FATCA Declaration,Share details on FATCA Declaration,Tell me about FATCA Declaration,Give information on FATCA Declaration,FATCA Declaration ,,,,,,,,,,,,,,,,,,,,,
1136,What is the premium amount of Secure One?,Tell me about the premium amount of Secure One,I want to know about the premium amount of Secure One,Give me information about the premium amount of Secure One,What are the things I need to know about the premium amount of Secure One,Details on the premium amount of Secure One,What is meant by the premium amount of Secure One,Meaning of the premium amount of Secure One,Can you explain the premium amount of Secure One,Clarify what is the premium amount of Secure One,I am confused about the premium amount of Secure One,What is the premium amount of Secure One?,,,,,,,,,,,,,,,,
1137,Can I open RD account in my AllinCall bank digital account?,Tell me about Can I open RD,I want to know about Can I open RD,Give me information about Can I open RD,Details on Can I open RD,Can you explain Can I open RD,Clarify Can I open RD,Can I open RD,Can I open RD ?,Can I open RD account in my AllinCall bank digital account?,,,,,,,,,,,,,,,,,,
1138,Can I redeem the RD amount before the maturity period?,Can I redeem the RD amount before the maturity period,Tell me about Can I redeem the RD amount before the maturity period,I want to know about Can I redeem the RD amount before the maturity period,Give me information about Can I redeem the RD amount before the maturity period,Details on Can I redeem the RD amount before the maturity period,Can you explain Can I redeem the RD amount before the maturity period,Clarify Can I redeem the RD amount before the maturity period,Can I redeem the RD amount before the maturity period?,,,,,,,,,,,,,,,,,,,
1139,How can I open Recurring Deposit?,Recurring Deposit,Tell me about How can start Recurring Deposit,I want to know about How can I start Recurring Deposit,Give me information about How can I start Recurring Deposit,Details on How can I start Recurring Deposit,Can you explain How can I start Recurring Deposit,Clarify How can I start Recurring Deposit,How can I start Recurring Deposit?,how can I start Recurring Deposit?,How can I book RD,,,,,,,,,,,,,,,,,
1140,How can pay my recurring deposit installment that is due today?,How can pay my recurring deposit installment that is due today,Tell me about How can pay my recurring deposit installment that is due today,I want to know about How can pay my recurring deposit installment that is due today,Give me information about How can pay my recurring deposit installment that is due today,Details on How can pay my recurring deposit installment that is due today,Can you explain How can pay my recurring deposit installment that is due today,Clarify How can pay my recurring deposit installment that is due today,How can pay my recurring deposit installment that is due today? ,,,,,,,,,,,,,,,,,,,
1141,What are the features and benefits of AllinCall RD?,Tell me about the features and benefits of AllinCall RD,I want to know about the features and benefits of AllinCall RD,Give me information about the features and benefits of AllinCall RD,What are the things I need to know about the features and benefits of AllinCall RD,Details on the features and benefits of AllinCall RD,What is meant by the features and benefits of AllinCall RD,Meaning of the features and benefits of AllinCall RD,Can you explain the features and benefits of AllinCall RD,Clarify what is the features and benefits of AllinCall RD,I am confused about the features and benefits of AllinCall RD,What are the features and benefits of AllinCall RD?,,,,,,,,,,,,,,,,
1142,What are the interest rates on AllinCall Bank Recurring Deposit?,What are the interest rates on AllinCall Bank Recurring Deposit?,What are the interest rates on AllinCall Bank RD,i want to know interest rates for AllinCall Recurring Deposit?,i want to know interest rates AllinCall bank RD,interest rates on AllinCall Recurring Deposit,,,,,,,,,,,,,,,,,,,,,,
1163,Why is the location consent needed?,Is it necessary to provide location consent?,Do i need to provide location consent?,Why are you asking for location consent?,Why is the location consent needed?,,,,,,,,,,,,,,,,,,,,,,,
1143,What documents are needed to open Recurring Deposit?,Tell me about What documents are needed to open Recurring Deposit,I want to know about What documents are needed to open Recurring Deposit,Give me information about What documents are needed to open Recurring Deposit,What are the things I need to know about What documents are needed to open Recurring Deposit,Details on What documents are needed to open Recurring Deposit,What is meant by What documents are needed to open Recurring Deposit,Meaning of What documents are needed to open Recurring Deposit,Can you explain What documents are needed to open Recurring Deposit,Clarify what is What documents are needed to open Recurring Deposit,I am confused about What documents are needed to open Recurring Deposit,What documents are needed to open Recurring Deposit?,,,,,,,,,,,,,,,,
1144,What's the minimum RD amount?,Tell me about the minimum RD amount,I want to know about the minimum RD amount,Give me information about the minimum RD amount,What are the things I need to know about the minimum RD amount,Details on the minimum RD amount,What is meant by the minimum RD amount,Meaning of the minimum RD amount,Can you explain the minimum RD amount,Clarify what is the minimum RD amount,I am confused about the minimum RD amount,What's the minimum RD amount?,,,,,,,,,,,,,,,,
1145,What is AllinCall Group Smart Cash?,Tell me about AllinCall Group Smart Cash,I want to know about AllinCall Group Smart Cash,Give me information about AllinCall Group Smart Cash,What are the things I need to know about AllinCall Group Smart Cash,Details on AllinCall Group Smart Cash,What is meant by AllinCall Group Smart Cash,Meaning of AllinCall Group Smart Cash,Can you explain AllinCall Group Smart Cash,Clarify what is AllinCall Group Smart Cash,I am confused about AllinCall Group Smart Cash,What is AllinCall Group Smart Cash?,,,,,,,,,,,,,,,,
1146,What is the premium amount of AllinCall Group Smart Cash?,Tell me about the premium amount of AllinCall Group Smart Cash,I want to know about the premium amount of AllinCall Group Smart Cash,Give me information about the premium amount of AllinCall Group Smart Cash,What are the things I need to know about the premium amount of AllinCall Group Smart Cash,Details on the premium amount of AllinCall Group Smart Cash,What is meant by the premium amount of AllinCall Group Smart Cash,Meaning of the premium amount of AllinCall Group Smart Cash,Can you explain the premium amount of AllinCall Group Smart Cash,Clarify what is the premium amount of AllinCall Group Smart Cash,I am confused about the premium amount of AllinCall Group Smart Cash,What is the premium amount of AllinCall Group Smart Cash?,,,,,,,,,,,,,,,,
1147,Do I need to book an FD to apply for AllinCall bank #DreamDifferent Credit Card?,Do I need to book an FD to apply for AllinCall bank #DreamDifferent Credit Card,Tell me about Do I need to book an FD to apply for AllinCall bank #DreamDifferent Credit Card,I want to know about Do I need to book an FD to apply for AllinCall bank #DreamDifferent Credit Card,Give me information about Do I need to book an FD to apply for AllinCall bank #DreamDifferent Credit Card,Details on Do I need to book an FD to apply for AllinCall bank #DreamDifferent Credit Card,Can you explain Do I need to book an FD to apply for AllinCall bank #DreamDifferent Credit Card,Clarify Do I need to book an FD to apply for AllinCall bank #DreamDifferent Credit Card,Do I need to book an FD to apply for AllinCall bank #DreamDifferent Credit Card?,,,,,,,,,,,,,,,,,,,
1148,What is NEFT,Tell me about NEFT,I want to know about NEFT,Give me information about NEFT,Details on NEFT,What is NEFT,NEFT,Can you tell me more about NEFT,,,,,,,,,,,,,,,,,,,,
1149,What is IMPS,Tell me about IMPS,I want to know about IMPS,Give me information about IMPS,Details on IMPS,What is IMPS,IMPS,Can you tell me more about IMPS,,,,,,,,,,,,,,,,,,,,
1150,Why money is getting deducted from account?,Money is getting deducted from my account?,money is getting deducted as soon as i deposit ,Money is getting deducted from my account,why is my money getting deducted from my account,balance getting deducted from my account,money getting debited from my account ,Money is going away from my account,balance is going away from my account,balance is debiting from account,Money is getting deducted from account?,Why money is getting deducted from account?,Why money is getting deduct from account?,,,,,,,,,,,,,,,
1151,Credit limits for my account,Tell me about Limits,I want to know about Limits,Give me information about Limits,Details on Limits,Limits,Limits,Credit limits for my account,What are the limitations for my account,What are the limits for my account ,,,,,,,,,,,,,,,,,,
1153,How can I complete my Full KYC,Steps to complete my Full KYC,Process to complete my Full KYC,Guide me on how to complete my Full KYC,I want to complete my Full KYC please help,How can I complete my Full KYC,want to do full kyc,How can I complete my Full KYC,How can I set appointment for Full KYC,How can I complete my KYC,How to book appointment for full kyc,,,,,,,,,,,,,,,,,
1154,No one came for Full KYC,What should I do if No one visited my place for  Full KYC,To whom should I contact if No one visited my place for Full KYC,Please help me to complete my Full KYC as No one visited my place for Full KYC,No one visited my place to complete Full KYC,No one visited my place for Full KYC,No one visited my place for full kyc appointment,No one visited my place for full KYC appointment,No one visited my place even after booking an appointment,No one visited my place for full kyc appointment,No one visited to complete Full KYC,representative not coming,No one visited for Full KYC,No one came for Full KYC,,,,,,,,,,,,,,
1155,Can I do Full KYC online,online full kyc process,can i do full kyc online,how can i do full kyc online,can i do online full kyc,can i complete my kyc online,Can I do Full KYC online,,,,,,,,,,,,,,,,,,,,,
1156,How can I do transactions?,Can you tell me more about transactions,How can I do transactions?,,,,,,,,,,,,,,,,,,,,,,,,,
1157,Where can I See my account details?,See my account details,Help me where can I See my account details,Can you tell where can I See my account details,Guide from where can i See my account details,Explain from where can I See my account details,Where can I See my account details?,Where is my account number,where is my ifsc code,what is my account number,what is my ifsc code,Where can I See my account details?,Where are account details?,where are my account details,Where can i see my account details,My account details?,I want to know my account details,,,,,,,,,,,
1159,PEP,What is PEP,Explain PEP,Elaborate PEP,Share details on PEP,Give information on PEP,PEP,,,,,,,,,,,,,,,,,,,,,
1167,Do I need to have current address proof for video KYC?,Is there a requirement to have the current address proof for video KYC?,Is it mandatory to provide current address proof for video KYC?,Should i provide the current address proof for video KYC?,Do I need to have current address proof for video KYC?,,,,,,,,,,,,,,,,,,,,,,,
1168,AllinCall App,What is AllinCall App?,Explain the AllinCall App,Elaborate the AllinCall App,Give details on the AllinCall App,Share information on the AllinCall App,Tell me about the AllinCall App,AllinCall App,How to download AllinCall App,How to download AllinCall app,,,,,,,,,,,,,,,,,,
1169,Open AllinCall,Initiate AllinCall,carry on with AllinCall,Open AllinCall,can i open a AllinCall bank open,how to open a AllinCall bank ,i want to open a AllinCall bank account,,,,,,,,,,,,,,,,,,,,,
1170,What is the method to find out folio numbers of all MF investments?,Tell me about the method to find out folio numbers of all MF investments,I want to know about the method to find out folio numbers of all MF investments,Give me information about the method to find out folio numbers of all MF investments,What are the things I need to know about the method to find out folio numbers of all MF investments,Details on the method to find out folio numbers of all MF investments,What is meant by the method to find out folio numbers of all MF investments,Meaning of the method to find out folio numbers of all MF investments,Can you explain the method to find out folio numbers of all MF investments,Clarify what is the method to find out folio numbers of all MF investments,I am confused about the method to find out folio numbers of all MF investments,What is the method to find out folio numbers of all MF investments?,,,,,,,,,,,,,,,,
1171,What is Full KYC?,What is Full KYC,can you tell me about full kyc,explain full kyc,details about full kyc,what are the things i need to know about full kyc,information about full kyc,what do you mean by full kyc,give me information on full kyc,what you meant by full kyc,information on full kyc,help me understand full kyc,tell me about full kyc,can you explain full kyc,What is Full KYC?,full kyc,,,,,,,,,,,,
1172,What are the benefits of Full KYC?,benefits of Full KYC,Pros for full kyc, What are the benefits of Full KYC?,full kyc benefits,advantages of full kyc,What are the benefits of Full KYC?,,,,,,,,,,,,,,,,,,,,,
1173,Charges for Full KYC,Please tell me about the charges of full KYC,help me with the charges of full KYC,Charges of full KYC,Cost for full KYC,how much cost for full KYC,i want to know the charges for full KYC,Charges for Full KYC,,,,,,,,,,,,,,,,,,,,
1174,How do I do fund transfer,transfer funds,Help me to transfer funds,guide me to transfer funds,Transfer funds,Want to transfer funds,Want to transfer money,,,,,,,,,,,,,,,,,,,,,
1175,How to apply for chequebook?,apply for chequebook,Help me to apply for chequebook,proess for applying for a chequebook,guide me to get a chequebook,How to apply for chequebook?,Check book,Cheque book,chequebook,checkboook,,,,,,,,,,,,,,,,,,
1176,Is there any charge for virtual debit card?,charges for virtual debit card,Do I have to pay for an virtual debt card,list charges for virtual debit card if any,am I bound to pay any charge while getting a virtual debt card,Is there any charge for virtual debit card?,,,,,,,,,,,,,,,,,,,,,,
1177,Do I get a free debit card with my AllinCall bank Account?,get a free debit card with my AllinCall bank Account,Can I get a free debit card with my AllinCall bank Account,with my AllinCall bank Account will I get a free debit card,getting a free debt card with my AllinCall bank account,Do I get a free debit card with my AllinCall bank Account?,Do I get a free ATM card with my AllinCall bank Account?,,,,,,,,,,,,,,,,,,,,,
1178,What is the limit for atm cash withdrawal in AllinCall bank account?,limit for atm cash withdrawal in AllinCall bank account,Tell me about limit for atm cash withdrawal in AllinCall bank account,I want to know about limit for atm cash withdrawal in AllinCall bank account,Give me information about limit for atm cash withdrawal in AllinCall bank account,What is the limit for atm cash withdrawal in AllinCall bank account?,What is the limit for atm cash withdrawal in AllinCall bank account?,What are the charges for ATM,What is ATM fee,,,,,,,,,,,,,,,,,,,
1179,Can I check my account details from AllinCall app?,check my account details from AllinCall app,Help me with is it possible for me to check my account details from AllinCall app,Guide me am I allowed to check my account details from AllinCall app,Tell me is it legit if i check check my account details from AllinCall app,Can I check my account details from AllinCall app?,,,,,,,,,,,,,,,,,,,,,,
1180,My account got blocked,What if my my account got blocked,What to do if my my account got blocked,account blocked,help me to unblock my account,My account got blocked ,My account got blocked,Mobile banking application got blocked,My account got block,why my MPIN is blocked,Why my mobile banking App is blocked,My account is block,,,,,,,,,,,,,,,,
1181,Can I get image debit card,get image debit card,is image debit card only for employee,help me with is it possible for me to get image debit card,Guide me with am I allowed to get image debit card,Tell me is it legit if I get image debit card,Can I get image debit card,how can I upgrade my debit card,,,,,,,,,,,,,,,,,,,,
1182,My debit card was stolen,Can you suggest what if My debit card was stolen,Answer me what if My debit card was stolen,Clarify what if My debit card was stolen,Details on what if My debit card was stolen,My debit card was stolen,my debit card was steal,larceny with my debit card,theft happened with my debit card,someone stole my debit card,What to do in case Debit card gets robbed ,What to do if my debit is stolen,What to do if my debit card is stolen,What to do if my card is stolen,What to do I lost my debit card,What to do if i forgot my debit card,How to deactivate debit card,What to do in case of debit card theft?,How to replace debit card,I want to block my card,Block debit card,How to deactivate debit card,how to disable debit card,How to switched off debit card,My debit card was lost,I forgot my debit card,I misplaced my debit card,How to place replacement request for debit card
1183,Fraud,deception,duplicity,cheat,scam,fraudulent,hoax,Fraud,Fraud transaction,Fraud has happened in my account,What should I do if I notice a fraud activity on my credit card,report fraud on credit card,,,,,,,,,,,,,,,,
1184,Where can I update my profile details (Email/Nominee),Where can I update my profile details,Help me Where can I update my profile details,Can you tell Where can I update my profile details,Guide from where can i find CD Ratio for my district,Explain from Where can I update my profile details,Where can I update my profile details,How to update email ID ,How to update PAN number,How to update nominee,How to change email ID,How to change Nominee,How to change nominee,how to change email ID,how to add nominee,how to add email ID,Where can I update my profile details (Email/Nominee),,,,,,,,,,,
1186,how do I create my UPI/VPA Id,Steps to create my UPI/VPA Id,Process to create my UPI/VPA Id,Guide me on how to create my UPI/VPA Id,I want to create my UPI/VPA Id please help,how do I create my UPI/VPA Id,UPI,Can you tell me details about  UPI/VPA Id,Can you tell me more about UPI/VPA Id,how do I create my UPI/VPA Id,What is UPI,What is VPA,Where can I find my UPI details,Where can I find my VPA details,,,,,,,,,,,,,,
1187,Who can open AllinCall account,What are the entities who can open AllinCall account.,Can i open an AllinCall account?,Who can open AllinCall account,,,,,,,,,,,,,,,,,,,,,,,,
1188,What is AllinCall bank?,Explain AllinCall bank,Give details on AllinCall bank,Tell me about AllinCall bank,Share information of AllinCall bank,What is AllinCall bank?,,,,,,,,,,,,,,,,,,,,,,
1189,Stop,optout,stop,Stop,,,,,,,,,,,,,,,,,,,,,,,,
1190,Account related queries,Account related queries,account related queries,,,,,,,,,,,,,,,,,,,,,,,,,
1191,Debit Card related queries,Debit Card related queries,Debit Card related query,Debit Card related issues,,,,,,,,,,,,,,,,,,,,,,,,
1192,Login related queries,Login related queries,,,,,,,,,,,,,,,,,,,,,,,,,,
1193,Full KYC related queries,Full KYC related queries,,,,,,,,,,,,,,,,,,,,,,,,,,
1199,Can I deposit cash ?,Is it possible to deposit cash,I want to deposit cash can it be done,How can I deposit cash,Can I deposit cash?,Can I deposit cash ?,,,,,,,,,,,,,,,,,,,,,,
1200,Why is Full KYC necessary?,How Full KYC is important,Why Full KYC is important,Necessity of Full KYC,Why Full KYC is necessay,Why Full KYC is given priority,Why is Full KYC necessary?,Why is Full KYC necessary?,is full kyc compulsory,,,,,,,,,,,,,,,,,,,
1201,Where can see my account balance & transactions?,see my account balance,Help me where can I see my account balance,Can you tell where can I see my account balance,Guide from where can i see my account balance,Explain from where can I see my account balance,Where can see my account balance?,Where can see my account balance?,View recent transactions,Last transactions,Where can see my account balance & transactions?,Where can I see my transactions,,,,,,,,,,,,,,,,
1202,How can I make online payments through my AllinCall bank Account,Steps to make online payments through my AllinCall bank Account,Process to make online payments through my AllinCall bank Account,Guide me on how to make online payments through my AllinCall bank Account,I want to make online payments through my AllinCall bank Account please help,How can I make online payments through my AllinCall bank Account?,How can I make online payments through my AllinCall bank Account,,,,,,,,,,,,,,,,,,,,,
1203,How to Apply for Debit Card?,Apply for Debit Card,Help me to Apply for Debit Card,Can you tell how to Apply for Debit Card,guide me to Apply for Debit Card,Explain how to Apply for Debit Card,How to Apply for Debit Card?,How to Apply for Debit Card?,i need urgent Debit card,,,,,,,,,,,,,,,,,,,
1204,Can I apply for AllinCall Gold Loan online?,Can I apply for AllinCall Gold Loan online,Tell me about Can I apply for AllinCall Gold Loan online,I want to know about Can I apply for AllinCall Gold Loan online,Give me information about Can I apply for AllinCall Gold Loan online,Details on Can I apply for AllinCall Gold Loan online,Can you explain Can I apply for AllinCall Gold Loan online,Clarify Can I apply for AllinCall Gold Loan online,Can I apply for AllinCall Gold Loan online? ,,,,,,,,,,,,,,,,,,,
1205,Start,optin,start,Start,,,,,,,,,,,,,,,,,,,,,,,,
1207,Where is nearest branch or ATM,Nearest branch or ATM,nearest branch,nearest atm,Where is nearest branch or ATM,,,,,,,,,,,,,,,,,,,,,,,
1208,Where can I get my account statement?,Where can I get my account statement?,i want to know my account statement,estatement,get Estatement,Where can I get my account statement?,detailed summary statement,how to know if someone credited amount,Account transaction history,,,,,,,,,,,,,,,,,,,
1209,How can I Add money/transfer money to AllinCall bank Account?,How can I Add money to AllinCall bank Account?,i want to add money to my AllinCall bank account,add money in my account,How can I Add money/transfer money to AllinCall bank Account?,i can not credit my account what is solution,how to credit my account,no one can transfer money to me,Funding,,,,,,,,,,,,,,,,,,,
1218,How to apply for passbook?,How to apply for passbook?,I want to apply for passbook,i want passbook,passbook application,How to apply for passbook?,,,,,,,,,,,,,,,,,,,,,,
1219,Unhelpful,Unhelpful,bad bot,not helful ,bad experience,time waste,Miserable,pathetic,horrible ,,,,,,,,,,,,,,,,,,,
1220,Helpful,Helpful,Thank you ,Good bot,nice experience,awesome,good work,fantastic,wonderful,outstanding,Amazing,perfect,excellent ,,,,,,,,,,,,,,,
1221,Tell me a joke,Tell me a joke,joke,,,,,,,,,,,,,,,,,,,,,,,,,
1222,Will you marry me,Will you marry me,marry me,,,,,,,,,,,,,,,,,,,,,,,,,
1223,How are you doing,How are you doing,All good,how is it going,,,,,,,,,,,,,,,,,,,,,,,,
1206,bye,bye,goodbye,see ya,tada,bye bye,byee,byeee,byeeee,good bye,see you,cya,,,,,,,,,,,,,,,,
1224,Are you serious,Are you serious,are you kidding,kidding a what,,,,,,,,,,,,,,,,,,,,,,,,
994,Hi,hello,yo,hey,hiii,hii,hey,Hi,hiiii,helloo,hellooo,,,,,,,,,,,,,,,,,
1002,What is the average monthly balance (AMB)?,Share details of the average monthly balance (AMB),Explain the average monthly balance (AMB),Tell me about the average monthly balance (AMB),Give information on the average monthly balance (AMB),What is the average monthly balance (AMB)?,What is minimum balance ,How much minimum balance i need to maintain,what is minimum balance requirement ,AMB,minimum balance update my ac,,,,,,,,,,,,,,,,,
1010,Documents for AllinCall bank,What are the Documents required to open AllinCall bank?,How to open AllinCall? What is needed along?,Tell me about the Documents needed to open AllinCall bank,Documents for AllinCall bank,,,,,,,,,,,,,,,,,,,,,,,
